,District,LocalUnit,Status,Pop_2011,Pop_2021
,ACHHAM,Bannigadhi Jayagadh,Rural Municipality,17426,13519
,ACHHAM,Chaurpati,Rural Municipality,25215,21681
,ACHHAM,Dhakari,Rural Municipality,21570,21998
,ACHHAM,Kamalbazar,Municipality,23770,21032
,ACHHAM,Khaptad National Park,National Park,0,0
,ACHHAM,Mangalsen,Municipality,33191,26557
,ACHHAM,Mellekh,Rural Municipality,24728,22785
,ACHHAM,Panchadewal Binayak,Municipality,27495,26088
,ACHHAM,Ramaroshan,Rural Municipality,25172,23600
,ACHHAM,Sanphebagar,Municipality,34128,25891
,ACHHAM,Turmakhad,Rural Municipality,24782,24574
,ARGHAKHANCHI,Bhumekasthan,Municipality,32640,28192
,ARGHAKHANCHI,Chhatradev,Rural Municipality,25343,21611
,ARGHAKHANCHI,Malarani,Rural Municipality,28044,24150
,ARGHAKHANCHI,Panini,Rural Municipality,26432,22291
,ARGHAKHANCHI,Sandhikharka,Municipality,41772,42492
,ARGHAKHANCHI,Sitganga,Municipality,43401,37691
,BAGLUNG,Badigad,Rural Municipality,30906,28839
,BAGLUNG,Baglung,Municipality,59192,56102
,BAGLUNG,Bareng,Rural Municipality,14511,11158
,BAGLUNG,Dhorpatan,Municipality,26438,30068
,BAGLUNG,Dhorpatan Hunting Reserve,Hunting Reserve,0,0
,BAGLUNG,Galkot,Municipality,33330,30588
,BAGLUNG,Jaimuni,Municipality,32069,24628
,BAGLUNG,Kanthekhola,Rural Municipality,26174,22526
,BAGLUNG,Nisikhola,Rural Municipality,23325,23119
,BAGLUNG,Taman Khola,Rural Municipality,10659,9982
,BAGLUNG,Tara Khola,Rural Municipality,12009,10120
,BAITADI,Dasharathchanda,Municipality,35211,31567
,BAITADI,Dilasaini,Rural Municipality,22924,22966
,BAITADI,Dogadakedar,Rural Municipality,24632,23104
,BAITADI,Melauli,Municipality,22545,20658
,BAITADI,Pancheshwar,Rural Municipality,18766,17796
,BAITADI,Patan,Municipality,30456,29230
,BAITADI,Purchaudi,Municipality,39190,38281
,BAITADI,Shivanath,Rural Municipality,17115,18064
,BAITADI,Sigas,Rural Municipality,21510,21814
,BAITADI,Surnaya,Rural Municipality,18549,17945
,BAJHANG,Bithadchir,Rural Municipality,17163,17812
,BAJHANG,Bungal,Municipality,33224,33812
,BAJHANG,Chabispathivera,Rural Municipality,16296,14474
,BAJHANG,Durgathali,Rural Municipality,12980,11318
,BAJHANG,JayaPrithivi,Municipality,22553,21933
,BAJHANG,Kanda,Rural Municipality,2193,2625
,BAJHANG,Kedarseu,Rural Municipality,21316,21312
,BAJHANG,Khaptad National Park,National Park,0,0
,BAJHANG,Khaptadchhanna,Rural Municipality,15903,13419
,BAJHANG,Masta,Rural Municipality,14951,13265
,BAJHANG,Surma,Rural Municipality,9033,11082
,BAJHANG,Talkot,Rural Municipality,11569,11719
,BAJHANG,Thalara,Rural Municipality,17978,15958
,BAJURA,Badimalika,Municipality,17259,18414
,BAJURA,Budhiganga,Municipality,21700,20185
,BAJURA,Budhinanda,Municipality,18883,20072
,BAJURA,Chhededaha,Rural Municipality,18741,19307
,BAJURA,Gaumul,Rural Municipality,8515,8913
,BAJURA,Himali,Rural Municipality,9229,10309
,BAJURA,Khaptad National Park,National Park,0,0
,BAJURA,Pandav Gupha,Rural Municipality,9432,10158
,BAJURA,Swami Kartik,Rural Municipality,12790,12576
,BAJURA,Tribeni,Municipality,18363,17798
,BANKE,Baijanath,Rural Municipality,54987,69472
,BANKE,Duduwa,Rural Municipality,37533,43135
,BANKE,Janki,Rural Municipality,37847,46141
,BANKE,Khajura,Rural Municipality,50990,62789
,BANKE,Kohalpur,Municipality,72748,101667
,BANKE,Narainapur,Rural Municipality,35042,43206
,BANKE,Nepalgunj,Sub-Metropolis,141241,164444
,BANKE,Rapti Sonari,Rural Municipality,60925,66445
,BARA,Adarshkotwal,Rural Municipality,27552,31364
,BARA,Baragadhi,Rural Municipality,27191,29555
,BARA,Bishrampur,Rural Municipality,23814,24892
,BARA,Devtal,Rural Municipality,23011,25361
,BARA,Jitpur Simara,Sub-Metropolis,118398,127307
,BARA,Kalaiya,Sub-Metropolis,123575,136222
,BARA,Karaiyamai,Rural Municipality,26496,29165
,BARA,Kolhabi,Municipality,44082,51182
,BARA,Mahagadhimai,Municipality,52396,59424
,BARA,Nijgadh,Municipality,35403,37687
,BARA,Pacharauta,Municipality,34194,40524
,BARA,Parsa Wildlife Reserve,Wildlife Reserve,0,0
,BARA,Parwanipur,Rural Municipality,22787,24745
,BARA,Pheta,Rural Municipality,25653,28395
,BARA,Prasauni,Rural Municipality,25049,25414
,BARA,Simraungadh,Municipality,48570,54878
,BARA,Suwarna,Rural Municipality,29537,35141
,BARDIYA,Badhaiyatal,Rural Municipality,47948,52818
,BARDIYA,Bansagadhi,Municipality,55875,63252
,BARDIYA,Barbardiya,Municipality,68031,72533
,BARDIYA,Bardiya National Park,National Park,0,0
,BARDIYA,Geruwa,Rural Municipality,34885,33514
,BARDIYA,Gulariya,Municipality,68164,74505
,BARDIYA,Madhuwan,Municipality,46682,50739
,BARDIYA,Rajapur,Municipality,59818,60831
,BARDIYA,Thakurbaba,Municipality,45173,49420
,BHAKTAPUR,Bhaktapur,Municipality,83658,79136
,BHAKTAPUR,Changunarayan,Municipality,58006,88083
,BHAKTAPUR,Madhyapur Thimi,Municipality,84142,119756
,BHAKTAPUR,Suryabinayak,Municipality,78845,140085
,BHOJPUR,Aamchowk,Rural Municipality,18777,14968
,BHOJPUR,Arun,Rural Municipality,17768,14591
,BHOJPUR,Bhojpur,Municipality,28107,26007
,BHOJPUR,Hatuwagadhi,Rural Municipality,20543,16175
,BHOJPUR,Pauwadungma,Rural Municipality,15414,12107
,BHOJPUR,Ramprasad Rai,Rural Municipality,18894,15673
,BHOJPUR,Salpasilichho,Rural Municipality,13111,12284
,BHOJPUR,Shadananda,Municipality,31612,29342
,BHOJPUR,Tyamkemaiyung,Rural Municipality,18233,15464
,CHITAWAN,Bharatpur,Metropolis,285167,369268
,CHITAWAN,Chitawan National Park,National Park,0,0
,CHITAWAN,Ichchhyakamana,Rural Municipality,25067,27643
,CHITAWAN,Kalika,Municipality,44898,52164
,CHITAWAN,Khairahani,Municipality,56925,67385
,CHITAWAN,Madi,Municipality,37764,38295
,CHITAWAN,Rapti,Municipality,59937,66617
,CHITAWAN,Ratnanagar,Municipality,70226,89905
,DADELDHURA,Ajaymeru,Rural Municipality,17066,15161
,DADELDHURA,Alital,Rural Municipality,18531,18112
,DADELDHURA,Amargadhi,Municipality,22241,24149
,DADELDHURA,Bhageshwar,Rural Municipality,14132,13132
,DADELDHURA,Ganayapdhura,Rural Municipality,15109,13722
,DADELDHURA,Nawadurga,Rural Municipality,19985,18672
,DADELDHURA,Parashuram,Municipality,35030,35590
,DAILEKH,Aathabis,Municipality,29257,31092
,DAILEKH,Bhagawatimai,Rural Municipality,18778,18206
,DAILEKH,Bhairabi,Rural Municipality,21233,18767
,DAILEKH,Chamunda Bindrasaini,Municipality,26149,26559
,DAILEKH,Dullu,Municipality,41540,39143
,DAILEKH,Dungeshwor,Rural Municipality,15883,14533
,DAILEKH,Gurans,Rural Municipality,22033,21189
,DAILEKH,Mahabu,Rural Municipality,19277,18059
,DAILEKH,Narayan,Municipality,27922,26111
,DAILEKH,Naumule,Rural Municipality,20802,19687
,DAILEKH,Thantikandh,Rural Municipality,18896,18301
,DANG,Babai,Rural Municipality,27469,30968
,DANG,Banglachuli,Rural Municipality,24245,22373
,DANG,Dangisharan,Rural Municipality,21484,23668
,DANG,Gadhawa,Rural Municipality,38663,45898
,DANG,Ghorahi,Sub-Metropolis,158628,200530
,DANG,Lamahi,Municipality,48012,59050
,DANG,Rajpur,Rural Municipality,25061,28346
,DANG,Rapti,Rural Municipality,40949,52123
,DANG,Shantinagar,Rural Municipality,25203,27641
,DANG,Tulsipur,Sub-Metropolis,142869,179755
,DARCHULA,Apihimal,Rural Municipality,6779,6798
,DARCHULA,Byas,Rural Municipality,10347,9668
,DARCHULA,Dunhu,Rural Municipality,10818,9842
,DARCHULA,Lekam,Rural Municipality,14838,13743
,DARCHULA,Mahakali,Municipality,21881,24081
,DARCHULA,Malikaarjun,Rural Municipality,15581,15635
,DARCHULA,Marma,Rural Municipality,14956,15124
,DARCHULA,Naugad,Rural Municipality,15874,15528
,DARCHULA,Shailyashikhar,Municipality,22200,21807
,DHADING,Benighat Rorang,Rural Municipality,31475,33854
,DHADING,Dhunibesi,Municipality,31029,29149
,DHADING,Gajuri,Rural Municipality,27841,28634
,DHADING,Galchi,Rural Municipality,26215,23733
,DHADING,Gangajamuna,Rural Municipality,21784,19265
,DHADING,Jwalamukhi,Rural Municipality,23966,21338
,DHADING,Khaniyabash,Rural Municipality,12749,10287
,DHADING,Netrawati Dabjong,Rural Municipality,12870,11310
,DHADING,Nilakantha,Municipality,58876,58828
,DHADING,Rubi Valley,Rural Municipality,9562,10781
,DHADING,Siddhalek,Rural Municipality,23729,22214
,DHADING,Thakre,Rural Municipality,32979,32374
,DHADING,Tripura Sundari,Rural Municipality,22992,21937
,DHANKUTA,Chaubise,Rural Municipality,19283,17677
,DHANKUTA,Chhathar Jorpati,Rural Municipality,18322,16456
,DHANKUTA,Dhankuta,Municipality,38629,35983
,DHANKUTA,Mahalaxmi,Municipality,24800,22182
,DHANKUTA,Pakhribas,Municipality,22078,19104
,DHANKUTA,Sangurigadhi,Rural Municipality,21537,19561
,DHANKUTA,Shahidbhumi,Rural Municipality,18763,17767
,DHANUSHA,Aaurahi,Rural Municipality,22578,24053
,DHANUSHA,Bateshwor,Rural Municipality,21530,21742
,DHANUSHA,Bideha,Municipality,32266,37697
,DHANUSHA,Chhireshwornath,Municipality,42155,51075
,DHANUSHA,Dhanauji,Rural Municipality,21395,21942
,DHANUSHA,Dhanusadham,Municipality,45585,52024
,DHANUSHA,Ganeshman Charnath,Municipality,36338,44082
,DHANUSHA,Hansapur,Municipality,38216,44949
,DHANUSHA,Janaknandani,Rural Municipality,25338,28208
,DHANUSHA,Janakpur,Sub-Metropolis,162842,194556
,DHANUSHA,Kamala,Municipality,38624,44597
,DHANUSHA,Lakshminiya,Rural Municipality,28251,31881
,DHANUSHA,Mithila,Municipality,45227,48676
,DHANUSHA,Mithila Bihari,Municipality,33556,38273
,DHANUSHA,Mukhiyapatti Musarmiya,Rural Municipality,25482,28208
,DHANUSHA,Nagarain,Municipality,35583,38037
,DHANUSHA,Sabaila,Municipality,52389,62282
,DHANUSHA,Sahidnagar,Municipality,47422,53812
,DOLAKHA,Baiteshwor,Rural Municipality,19876,17896
,DOLAKHA,Bhimeshwor,Municipality,33324,34712
,DOLAKHA,Bigu,Rural Municipality,18592,16490
,DOLAKHA,Gaurishankar,Rural Municipality,17140,15995
,DOLAKHA,Jiri,Municipality,15837,16109
,DOLAKHA,Kalinchok,Rural Municipality,22954,21097
,DOLAKHA,Melung,Rural Municipality,20287,15893
,DOLAKHA,Sailung,Rural Municipality,19698,17923
,DOLAKHA,Tamakoshi,Rural Municipality,18849,15163
,DOLPA,Chharka Tangsong,Rural Municipality,1451,1672
,DOLPA,Dolpo Buddha,Rural Municipality,2137,2420
,DOLPA,Jagadulla,Rural Municipality,2322,2575
,DOLPA,Kaike,Rural Municipality,3303,3965
,DOLPA,Mudkechula,Rural Municipality,5165,5803
,DOLPA,Shey Phoksundo,Rural Municipality,3136,3635
,DOLPA,Thuli Bheri,Municipality,8571,9861
,DOLPA,Tripurasundari,Municipality,10615,12233
,DOTI,Adharsha,Rural Municipality,24482,24495
,DOTI,Badikedar,Rural Municipality,16731,14902
,DOTI,Bogtan,Rural Municipality,17906,15540
,DOTI,Dipayal Silgadi,Municipality,36038,33968
,DOTI,Jorayal,Rural Municipality,21296,19788
,DOTI,K I Singh,Rural Municipality,20903,20736
,DOTI,Khaptad National Park,National Park,0,0
,DOTI,Purbichauki,Rural Municipality,22489,21494
,DOTI,Sayal,Rural Municipality,19575,20456
,DOTI,Shikhar,Municipality,32326,30399
,GORKHA,Aarughat,Rural Municipality,23915,21572
,GORKHA,Ajirkot,Rural Municipality,15602,12832
,GORKHA,Bhimsen,Rural Municipality,22053,16986
,GORKHA,Chum Nubri,Rural Municipality,7417,5932
,GORKHA,Dharche,Rural Municipality,13264,14263
,GORKHA,Gandaki,Rural Municipality,23262,21394
,GORKHA,Gorkha,Municipality,50684,52468
,GORKHA,Palungtar,Municipality,38244,37409
,GORKHA,Sahid Lakhan,Rural Municipality,27555,23076
,GORKHA,Siranchok,Rural Municipality,23666,19719
,GORKHA,Sulikot,Rural Municipality,25399,22636
,GULMI,Chandrakot,Rural Municipality,21907,18662
,GULMI,Chatrakot,Rural Municipality,21504,19357
,GULMI,Dhurkot,Rural Municipality,22468,18814
,GULMI,Gulmidarbar,Rural Municipality,22047,19296
,GULMI,Isma,Rural Municipality,21030,18529
,GULMI,Kaligandaki,Rural Municipality,18885,15044
,GULMI,Madane,Rural Municipality,21948,20022
,GULMI,Malika,Rural Municipality,21729,20075
,GULMI,Musikot,Municipality,33000,28454
,GULMI,Resunga,Municipality,33225,31551
,GULMI,Ruru,Rural Municipality,18610,16597
,GULMI,Satyawati,Rural Municipality,23807,19473
,HUMLA,Adanchuli,Rural Municipality,7140,8265
,HUMLA,Chankheli,Rural Municipality,5541,6579
,HUMLA,Kharpunath,Rural Municipality,6045,6736
,HUMLA,Namkha,Rural Municipality,4250,3589
,HUMLA,Sarkegad,Rural Municipality,9868,10688
,HUMLA,Simkot,Rural Municipality,12038,11935
,HUMLA,Tanjakot,Rural Municipality,5976,6092
,ILAM,Chulachuli,Rural Municipality,21413,23157
,ILAM,Deumai,Municipality,32386,30969
,ILAM,Fakphokthum,Rural Municipality,22160,19706
,ILAM,Illam,Municipality,49330,50085
,ILAM,Mai,Municipality,33210,30732
,ILAM,Maijogmai,Rural Municipality,21064,19131
,ILAM,Mangsebung,Rural Municipality,18534,16810
,ILAM,Rong,Rural Municipality,19135,17367
,ILAM,Sandakpur,Rural Municipality,16065,15444
,ILAM,Suryodaya,Municipality,56957,54727
,JAJARKOT,Barekot,Rural Municipality,18083,22005
,JAJARKOT,Bheri,Municipality,34713,37892
,JAJARKOT,Chhedagad,Municipality,35295,37877
,JAJARKOT,Junichande,Rural Municipality,21733,23771
,JAJARKOT,Kuse,Rural Municipality,20621,23058
,JAJARKOT,Shiwalaya,Rural Municipality,15269,14776
,JAJARKOT,Tribeni Nalagad,Municipality,25590,28922
,JHAPA,Arjundhara,Municipality,60480,84018
,JHAPA,Barhadashi,Rural Municipality,33674,37946
,JHAPA,Bhadrapur,Municipality,66629,70913
,JHAPA,Birtamod,Municipality,82592,116192
,JHAPA,Buddhashanti,Rural Municipality,41624,53010
,JHAPA,Damak,Municipality,75743,107227
,JHAPA,Gauradhaha,Municipality,53049,60451
,JHAPA,Gauriganj,Rural Municipality,33085,35506
,JHAPA,Haldibari,Rural Municipality,28951,32722
,JHAPA,Jhapa,Rural Municipality,34622,39302
,JHAPA,Kachankawal,Rural Municipality,39593,41317
,JHAPA,Kamal,Rural Municipality,44679,53894
,JHAPA,Kankai,Municipality,40294,53148
,JHAPA,Mechinagar,Municipality,112997,133073
,JHAPA,Shivasataxi,Municipality,64638,74077
,JUMLA,Chandannath,Municipality,20371,21036
,JUMLA,Guthichaur,Rural Municipality,9920,10922
,JUMLA,Hima,Rural Municipality,10553,12191
,JUMLA,Kanakasundari,Rural Municipality,13216,13625
,JUMLA,Patrasi,Rural Municipality,14608,16824
,JUMLA,Sinja,Rural Municipality,12008,12556
,JUMLA,Tatopani,Rural Municipality,14638,15575
,JUMLA,Tila,Rural Municipality,13607,14539
,KABHREPALANCHOK,Banepa,Municipality,57722,67690
,KABHREPALANCHOK,Bethanchowk,Rural Municipality,15622,14959
,KABHREPALANCHOK,Bhumlu,Rural Municipality,19298,15678
,KABHREPALANCHOK,Chaurideurali,Rural Municipality,21130,14076
,KABHREPALANCHOK,Dhulikhel,Municipality,33981,33726
,KABHREPALANCHOK,Khanikhola,Rural Municipality,14398,12201
,KABHREPALANCHOK,Mahabharat,Rural Municipality,18283,16079
,KABHREPALANCHOK,Mandandeupur,Municipality,32768,30381
,KABHREPALANCHOK,Namobuddha,Municipality,29926,26160
,KABHREPALANCHOK,Panauti,Municipality,47549,51504
,KABHREPALANCHOK,Panchkhal,Municipality,39788,35521
,KABHREPALANCHOK,Roshi,Rural Municipality,28760,23790
,KABHREPALANCHOK,Temal,Rural Municipality,22712,16957
,KAILALI,Bardagoriya,Rural Municipality,32683,37682
,KAILALI,Bhajani,Municipality,52128,53494
,KAILALI,Chure,Rural Municipality,19157,21400
,KAILALI,Dhangadhi,Sub-Metropolis,149818,198792
,KAILALI,Gauriganga,Municipality,58286,64558
,KAILALI,Ghodaghodi,Municipality,75965,86034
,KAILALI,Godawari,Municipality,79686,98746
,KAILALI,Janaki,Rural Municipality,48540,49860
,KAILALI,Joshipur,Rural Municipality,36459,37187
,KAILALI,Kailari,Rural Municipality,47987,49917
,KAILALI,Lamkichuha,Municipality,76007,90971
,KAILALI,Mohanyal,Rural Municipality,22053,21082
,KAILALI,Tikapur,Municipality,76940,89835
,KALIKOT,Kalika,Rural Municipality,14080,13773
,KALIKOT,Khandachakra,Municipality,20618,22274
,KALIKOT,Mahawai,Rural Municipality,8339,8177
,KALIKOT,Naraharinath,Rural Municipality,21381,22458
,KALIKOT,Pachaljharana,Rural Municipality,12343,13687
,KALIKOT,Palata,Rural Municipality,15303,17346
,KALIKOT,Raskot,Municipality,16272,17425
,KALIKOT,Sanni Tribeni,Rural Municipality,12846,13491
,KALIKOT,Tilagufa,Municipality,15766,16197
,KANCHANPUR,Bedkot,Municipality,49490,57680
,KANCHANPUR,Belauri,Municipality,53609,53910
,KANCHANPUR,Beldandi,Rural Municipality,21949,21888
,KANCHANPUR,Bhimdatta,Municipality,106666,122320
,KANCHANPUR,Krishnapur,Municipality,56643,71500
,KANCHANPUR,Laljhadi,Rural Municipality,22569,25037
,KANCHANPUR,Mahakali,Municipality,39290,42974
,KANCHANPUR,Punarbas,Municipality,53672,61748
,KANCHANPUR,Shuklaphanta,Municipality,47360,53969
,KANCHANPUR,Shuklaphanta National Park,National Park,0,0
,KAPILBASTU,Banganga,Municipality,75354,96714
,KAPILBASTU,Bijayanagar,Rural Municipality,37013,43291
,KAPILBASTU,Buddhabhumi,Municipality,65458,76507
,KAPILBASTU,Kapilbastu,Municipality,76894,88874
,KAPILBASTU,Krishnanagar,Municipality,62422,70111
,KAPILBASTU,Maharajgunj,Municipality,54901,64645
,KAPILBASTU,Mayadevi,Rural Municipality,48479,55972
,KAPILBASTU,Shivaraj,Municipality,67162,84810
,KAPILBASTU,Suddhodhan,Rural Municipality,45301,52861
,KAPILBASTU,Yashodhara,Rural Municipality,38952,44900
,KASKI,Annapurna,Rural Municipality,23565,22099
,KASKI,Machhapuchchhre,Rural Municipality,21920,22898
,KASKI,Madi,Rural Municipality,18153,16142
,KASKI,Pokhara Lekhnath,Metropolis,413934,513504
,KASKI,Rupa,Rural Municipality,14526,14891
,KATHMANDU,Budhanilakantha,Municipality,112281,177557
,KATHMANDU,Chandragiri,Municipality,87553,136860
,KATHMANDU,Dakshinkali,Municipality,25684,26372
,KATHMANDU,Gokarneshwor,Municipality,110452,149366
,KATHMANDU,Kageshwori Manahora,Municipality,60553,130433
,KATHMANDU,Kathmandu,Metropolis,1003285,862400
,KATHMANDU,Kirtipur,Municipality,67171,81578
,KATHMANDU,Nagarjun,Municipality,68863,115437
,KATHMANDU,Shankharapur,Municipality,25558,29318
,KATHMANDU,Tarakeshwor,Municipality,82060,151479
,KATHMANDU,Tokha,Municipality,100780,133755
,KHOTANG,Ainselukhark,Rural Municipality,16098,13217
,KHOTANG,Barahapokhari,Rural Municipality,14349,11397
,KHOTANG,Diprung,Rural Municipality,19392,16305
,KHOTANG,Halesi Tuwachung,Municipality,29575,27078
,KHOTANG,Jantedhunga,Rural Municipality,15519,12016
,KHOTANG,Kepilasagadhi,Rural Municipality,16071,13231
,KHOTANG,Khotehang,Rural Municipality,22485,16846
,KHOTANG,Rawa Besi,Rural Municipality,13369,11199
,KHOTANG,Rupakot Majhuwagadhi,Municipality,47860,43008
,KHOTANG,Sakela,Rural Municipality,11594,9623
,LALITPUR,Bagmati,Rural Municipality,13049,11353
,LALITPUR,Godawari,Municipality,80376,97633
,LALITPUR,Konjyosom,Rural Municipality,9709,8989
,LALITPUR,Lalitpur,Metropolis,292848,294098
,LALITPUR,Mahalaxmi,Municipality,62624,123116
,LALITPUR,Mahankal,Rural Municipality,9526,8122
,LAMJUNG,Besishahar,Municipality,40599,38232
,LAMJUNG,Dordi,Rural Municipality,18252,16050
,LAMJUNG,Dudhpokhari,Rural Municipality,10975,8592
,LAMJUNG,Kwholasothar,Rural Municipality,10067,7960
,LAMJUNG,Madhyanepal,Municipality,23474,21971
,LAMJUNG,Marsyangdi,Rural Municipality,18811,17080
,LAMJUNG,Rainas,Municipality,18527,17402
,LAMJUNG,Sundarbazar,Municipality,27019,27043
,MAHOTTARI,Aurahi,Municipality,31851,37361
,MAHOTTARI,Balwa,Municipality,42368,49473
,MAHOTTARI,Bardibas,Municipality,64721,74361
,MAHOTTARI,Bhangaha,Municipality,46832,55354
,MAHOTTARI,Ekdanra,Rural Municipality,29315,31770
,MAHOTTARI,Gaushala,Municipality,66715,72481
,MAHOTTARI,Jaleswor,Municipality,59261,63802
,MAHOTTARI,Loharpatti,Municipality,39883,45773
,MAHOTTARI,Mahottari,Rural Municipality,27430,28807
,MAHOTTARI,Manra Siswa,Municipality,49692,52191
,MAHOTTARI,Matihani,Municipality,31026,36136
,MAHOTTARI,Pipra,Rural Municipality,35524,40535
,MAHOTTARI,Ramgopalpur,Municipality,30412,36201
,MAHOTTARI,Samsi,Rural Municipality,33803,38585
,MAHOTTARI,Sonama,Rural Municipality,38747,43082
,MAKAWANPUR,Bagmati,Rural Municipality,30587,30425
,MAKAWANPUR,Bakaiya,Rural Municipality,39642,40907
,MAKAWANPUR,Bhimphedi,Rural Municipality,24960,21516
,MAKAWANPUR,Chitawan National Park,National Park,0,0
,MAKAWANPUR,Hetauda,Sub-Metropolis,154660,193576
,MAKAWANPUR,Indrasarowar,Rural Municipality,13891,13534
,MAKAWANPUR,Kailash,Rural Municipality,23922,21856
,MAKAWANPUR,Makawanpurgadhi,Rural Municipality,25379,24461
,MAKAWANPUR,Manahari,Rural Municipality,39122,47353
,MAKAWANPUR,Parsa Wildlife Reserve,Wildlife Reserve,0,0
,MAKAWANPUR,Raksirang,Rural Municipality,26192,25996
,MAKAWANPUR,Thaha,Municipality,42122,38870
,MANANG,Chame,Rural Municipality,1476,1276
,MANANG,Narphu,Rural Municipality,554,396
,MANANG,Nashong,Rural Municipality,2094,1671
,MANANG,Neshyang,Rural Municipality,2414,1595
,MORANG,Belbari,Municipality,65974,81771
,MORANG,Biratnagar,Metropolis,218526,243927
,MORANG,Budhiganga,Rural Municipality,41971,51497
,MORANG,Dhanpalthan,Rural Municipality,39470,45348
,MORANG,Gramthan,Rural Municipality,32717,36024
,MORANG,Jahada,Rural Municipality,41819,47639
,MORANG,Kanepokhari,Rural Municipality,38041,43193
,MORANG,Katahari,Rural Municipality,39775,48510
,MORANG,Kerabari,Rural Municipality,30918,34504
,MORANG,Letang,Municipality,32782,38152
,MORANG,Miklajung,Rural Municipality,28709,33167
,MORANG,Patahrishanishchare,Municipality,61132,72451
,MORANG,Rangeli,Municipality,51357,57494
,MORANG,Ratuwamai,Municipality,55418,61139
,MORANG,Sundarharaicha,Municipality,80621,120213
,MORANG,Sunwarshi,Municipality,51444,56034
,MORANG,Uralabari,Municipality,54696,70908
,MUGU,Chhayanath Rara,Municipality,20457,24527
,MUGU,Khatyad,Rural Municipality,17146,18832
,MUGU,Mugum Karmarong,Rural Municipality,5423,6222
,MUGU,Soru,Rural Municipality,12260,14277
,MUSTANG,Barhagaun Muktikhsetra,Rural Municipality,2704,2036
,MUSTANG,Dalome,Rural Municipality,1569,1292
,MUSTANG,Gharapjhong,Rural Municipality,3736,3712
,MUSTANG,Lomanthang,Rural Municipality,2350,1430
,MUSTANG,Thasang,Rural Municipality,3093,2856
,MYAGDI,Annapurna,Rural Municipality,13337,12323
,MYAGDI,Beni,Municipality,34878,32697
,MYAGDI,Dhaulagiri,Rural Municipality,14112,12616
,MYAGDI,Dhorpatan Hunting Reserve,Hunting Reserve,0,0
,MYAGDI,Malika,Rural Municipality,19208,18332
,MYAGDI,Mangala,Rural Municipality,16334,14688
,MYAGDI,Raghuganga,Rural Municipality,15772,14114
,NAWALPARASI_E,Binayee Tribeni,Rural Municipality,33119,38370
,NAWALPARASI_E,Bulingtar,Rural Municipality,19122,14637
,NAWALPARASI_E,Bungdikali,Rural Municipality,15734,11338
,NAWALPARASI_E,Chitawan National Park,National Park,0,0
,NAWALPARASI_E,Devchuli,Municipality,42667,58003
,NAWALPARASI_E,Gaidakot,Municipality,58890,79349
,NAWALPARASI_E,Hupsekot,Rural Municipality,25065,26583
,NAWALPARASI_E,Kawasoti,Municipality,62583,86821
,NAWALPARASI_E,Madhyabindu,Municipality,54424,61091
,NAWALPARASI_W,Bardaghat,Municipality,61675,76703
,NAWALPARASI_W,Palhi Nandan,Rural Municipality,35429,38186
,NAWALPARASI_W,Pratappur,Rural Municipality,45241,49897
,NAWALPARASI_W,Ramgram,Municipality,59828,64017
,NAWALPARASI_W,Sarawal,Rural Municipality,37418,42207
,NAWALPARASI_W,Sunwal,Municipality,56423,72085
,NAWALPARASI_W,Susta,Rural Municipality,35890,40655
,NUWAKOT,Belkotgadhi,Municipality,40706,35224
,NUWAKOT,Bidur,Municipality,55650,59227
,NUWAKOT,Dupcheshwar,Rural Municipality,22106,21005
,NUWAKOT,Kakani,Rural Municipality,26509,24504
,NUWAKOT,Kispang,Rural Municipality,14861,14235
,NUWAKOT,Langtang National Park,National Park,0,0
,NUWAKOT,Likhu,Rural Municipality,16966,17728
,NUWAKOT,Meghang,Rural Municipality,13484,12668
,NUWAKOT,Panchakanya,Rural Municipality,15945,13818
,NUWAKOT,Shivapuri,Rural Municipality,20783,17203
,NUWAKOT,Shivapuri Watershed and Wildlife Reserve,National Park,0,0
,NUWAKOT,Suryagadhi,Rural Municipality,16800,14919
,NUWAKOT,Tadi,Rural Municipality,17942,15933
,NUWAKOT,Tarkeshwar,Rural Municipality,15719,14184
,OKHALDHUNGA,Champadevi,Rural Municipality,18661,16311
,OKHALDHUNGA,Chisankhugadhi,Rural Municipality,15206,13844
,OKHALDHUNGA,Khijidemba,Rural Municipality,15291,15559
,OKHALDHUNGA,Likhu,Rural Municipality,14057,12104
,OKHALDHUNGA,Manebhanjyang,Rural Municipality,21093,19597
,OKHALDHUNGA,Molung,Rural Municipality,16274,16440
,OKHALDHUNGA,Siddhicharan,Municipality,28844,27351
,OKHALDHUNGA,Sunkoshi,Rural Municipality,18558,17783
,PALPA,Bagnaskali,Rural Municipality,21361,18497
,PALPA,Mathagadhi,Rural Municipality,25017,24053
,PALPA,Nisdi,Rural Municipality,22611,18120
,PALPA,Purbakhola,Rural Municipality,19590,16052
,PALPA,Rainadevi Chhahara,Rural Municipality,26469,23149
,PALPA,Rambha,Rural Municipality,20190,17155
,PALPA,Rampur,Municipality,35504,40883
,PALPA,Ribdikot,Rural Municipality,18770,15473
,PALPA,Tansen,Municipality,52538,50792
,PALPA,Tinau,Rural Municipality,19130,17777
,PANCHTHAR,Falelung,Rural Municipality,21884,20361
,PANCHTHAR,Falgunanda,Rural Municipality,24233,21289
,PANCHTHAR,Hilihang,Rural Municipality,22954,19085
,PANCHTHAR,Kummayak,Rural Municipality,16119,12746
,PANCHTHAR,Miklajung,Rural Municipality,24656,21061
,PANCHTHAR,Phidim,Municipality,50164,48495
,PANCHTHAR,Tumbewa,Rural Municipality,13454,11189
,PANCHTHAR,Yangwarak,Rural Municipality,18353,16821
,PARBAT,Bihadi,Rural Municipality,13409,10828
,PARBAT,Jaljala,Rural Municipality,21527,21119
,PARBAT,Kushma,Municipality,40374,38101
,PARBAT,Mahashila,Rural Municipality,9858,8116
,PARBAT,Modi,Rural Municipality,21312,18794
,PARBAT,Painyu,Rural Municipality,15381,12725
,PARBAT,Phalebas,Municipality,24729,20468
,PARSA,Bahudaramai,Municipality,39673,43478
,PARSA,Bindabasini,Rural Municipality,24468,24991
,PARSA,Birgunj,Metropolis,244086,272382
,PARSA,Chhipaharmai,Rural Municipality,26684,29082
,PARSA,Chitawan National Park,National Park,0,0
,PARSA,Dhobini,Rural Municipality,19911,22606
,PARSA,Jagarnathpur,Rural Municipality,32674,32649
,PARSA,Jirabhawani,Rural Municipality,22765,22677
,PARSA,Kalikamai,Rural Municipality,21141,23480
,PARSA,Pakahamainpur,Rural Municipality,20717,22585
,PARSA,Parsa Wildlife Reserve,Wildlife Reserve,0,0
,PARSA,Parsagadhi,Municipality,38607,41569
,PARSA,Paterwasugauli,Rural Municipality,23917,25498
,PARSA,Pokhariya,Municipality,32885,37675
,PARSA,SakhuwaPrasauni,Rural Municipality,33092,35399
,PARSA,Thori,Rural Municipality,20397,17219
,PYUTHAN,Ayirabati,Rural Municipality,22392,20428
,PYUTHAN,Gaumukhi,Rural Municipality,25421,25980
,PYUTHAN,Jhimruk,Rural Municipality,27931,26130
,PYUTHAN,Mallarani,Rural Municipality,17686,15646
,PYUTHAN,Mandavi,Rural Municipality,15058,15863
,PYUTHAN,Naubahini,Rural Municipality,30310,32682
,PYUTHAN,Pyuthan,Municipality,39460,42130
,PYUTHAN,Sarumarani,Rural Municipality,18657,19783
,PYUTHAN,Sworgadwary,Municipality,31187,32037
,RAMECHHAP,Doramba,Rural Municipality,22773,17686
,RAMECHHAP,Gokulganga,Rural Municipality,20074,17798
,RAMECHHAP,Khadadevi,Rural Municipality,25786,19312
,RAMECHHAP,Likhu Tamakoshi,Rural Municipality,23135,18325
,RAMECHHAP,Manthali,Municipality,45614,39695
,RAMECHHAP,Ramechhap,Municipality,29469,24971
,RAMECHHAP,Sunapati,Rural Municipality,18148,14658
,RAMECHHAP,Umakunda,Rural Municipality,17647,16590
,RASUWA,Gosaikunda,Rural Municipality,8134,7788
,RASUWA,Kalika,Rural Municipality,9502,10115
,RASUWA,Naukunda,Rural Municipality,11833,12344
,RASUWA,Parbati Kunda,Rural Municipality,5533,6673
,RASUWA,Uttargaya,Rural Municipality,8298,8555
,RAUTAHAT,Baudhimai,Municipality,33265,39325
,RAUTAHAT,Brindaban,Municipality,42770,49742
,RAUTAHAT,Chandrapur,Municipality,72085,81807
,RAUTAHAT,Dewahhi Gonahi,Municipality,32143,38690
,RAUTAHAT,Durga Bhagwati,Rural Municipality,22699,22864
,RAUTAHAT,Gadhimai,Municipality,40410,49135
,RAUTAHAT,Garuda,Municipality,50506,60857
,RAUTAHAT,Gaur,Municipality,35370,39846
,RAUTAHAT,Gujara,Municipality,46618,54033
,RAUTAHAT,Ishanath,Municipality,41435,51855
,RAUTAHAT,Katahariya,Municipality,38412,45821
,RAUTAHAT,Madhav Narayan,Municipality,35175,40894
,RAUTAHAT,Maulapur,Municipality,26424,32325
,RAUTAHAT,Paroha,Municipality,37453,45702
,RAUTAHAT,Phatuwa Bijayapur,Municipality,36308,42218
,RAUTAHAT,Rajdevi,Municipality,30629,35658
,RAUTAHAT,Rajpur,Municipality,41136,54083
,RAUTAHAT,Yemunamai,Rural Municipality,23884,28414
,ROLPA,Duikholi,Rural Municipality,20778,21671
,ROLPA,Lungri,Rural Municipality,23631,26325
,ROLPA,Madi,Rural Municipality,17986,18056
,ROLPA,Rolpa,Municipality,34347,35376
,ROLPA,Runtigadi,Rural Municipality,28517,28291
,ROLPA,Sukidaha,Rural Municipality,20009,21503
,ROLPA,Sunchhahari,Rural Municipality,16034,17241
,ROLPA,Suwarnabati,Rural Municipality,28213,30617
,ROLPA,Thawang,Rural Municipality,10881,10851
,ROLPA,Tribeni,Rural Municipality,24110,23412
,RUKUM_E,Bhume,Rural Municipality,18641,19829
,RUKUM_E,Dhorpatan Hunting Reserve,Hunting Reserve,0,0
,RUKUM_E,Putha Uttarganga,Rural Municipality,17999,18308
,RUKUM_E,Sisne,Rural Municipality,16544,18534
,RUKUM_W,Aathbiskot,Municipality,33624,35917
,RUKUM_W,Banfikot,Rural Municipality,18696,21033
,RUKUM_W,Chaurjahari,Municipality,27583,28956
,RUKUM_W,Musikot,Municipality,33882,34270
,RUKUM_W,Sani Bheri,Rural Municipality,22194,24759
,RUKUM_W,Tribeni,Rural Municipality,19404,20525
,RUPANDEHI,Butwal,Sub-Metropolis,141262,194335
,RUPANDEHI,Devdaha,Municipality,53636,72457
,RUPANDEHI,Gaidahawa,Rural Municipality,47624,56149
,RUPANDEHI,Kanchan,Rural Municipality,33082,42528
,RUPANDEHI,Kotahimai,Rural Municipality,41006,45975
,RUPANDEHI,Lumbini Sanskritik,Municipality,72647,87383
,RUPANDEHI,Lumbini Sanskritik Development Area,Sanskritik Development Area,0,0
,RUPANDEHI,Marchawari,Rural Municipality,38783,40880
,RUPANDEHI,Mayadevi,Rural Municipality,47174,56170
,RUPANDEHI,Omsatiya,Rural Municipality,34226,41141
,RUPANDEHI,Rohini,Rural Municipality,37217,43327
,RUPANDEHI,Sainamaina,Municipality,57077,78393
,RUPANDEHI,Sammarimai,Rural Municipality,38313,43044
,RUPANDEHI,Siddharthanagar,Municipality,64566,74436
,RUPANDEHI,Siyari,Rural Municipality,38507,44985
,RUPANDEHI,Sudhdhodhan,Rural Municipality,34638,41907
,RUPANDEHI,Tillotama,Municipality,100438,149479
,SALYAN,Bagchaur,Municipality,34143,34021
,SALYAN,Bangad Kupinde,Municipality,36135,32940
,SALYAN,Chhatreshwori,Rural Municipality,21452,21242
,SALYAN,Darma,Rural Municipality,19966,20139
,SALYAN,Dhorchaur,Rural Municipality,13593,13127
,SALYAN,Kalimati,Rural Municipality,23005,22206
,SALYAN,Kapurkot,Rural Municipality,18273,17526
,SALYAN,Kumakhmalika,Rural Municipality,24988,24859
,SALYAN,Sharada,Municipality,34242,34663
,SALYAN,Tribeni,Rural Municipality,16647,16664
,SANKHUWASABHA,Bhotkhola,Rural Municipality,6576,6438
,SANKHUWASABHA,Chainpur,Municipality,27462,26799
,SANKHUWASABHA,Chichila,Rural Municipality,7065,6577
,SANKHUWASABHA,Dharmadevi,Municipality,18235,16053
,SANKHUWASABHA,Khandbari,Municipality,31534,35565
,SANKHUWASABHA,Madi,Municipality,14473,13273
,SANKHUWASABHA,Makalu,Rural Municipality,13572,13424
,SANKHUWASABHA,Panchakhapan,Municipality,17521,16348
,SANKHUWASABHA,Sabhapokhari,Rural Municipality,10492,9970
,SANKHUWASABHA,Silichong,Rural Municipality,11812,10296
,SAPTARI,Agnisair Krishna Savaran,Rural Municipality,27129,31634
,SAPTARI,Balan Bihul,Rural Municipality,21842,23527
,SAPTARI,Belhi Chapena,Rural Municipality,29498,32462
,SAPTARI,Bishnupur,Rural Municipality,23166,27703
,SAPTARI,Bode Barsain,Municipality,43293,46017
,SAPTARI,Chhinnamasta,Rural Municipality,28437,29946
,SAPTARI,Dakneshwori,Municipality,42833,47739
,SAPTARI,Hanumannagar Kankalini,Municipality,45840,52796
,SAPTARI,Kanchanrup,Municipality,53366,58466
,SAPTARI,Khadak,Municipality,45428,52778
,SAPTARI,Koshi Tappu Wildlife Reserve,Wildlife Reserve,0,0
,SAPTARI,Mahadeva,Rural Municipality,28542,30315
,SAPTARI,Rajbiraj,Municipality,68899,70803
,SAPTARI,Rupani,Rural Municipality,26490,29877
,SAPTARI,Saptakoshi,Municipality,21237,23510
,SAPTARI,Shambhunath,Municipality,35222,39634
,SAPTARI,Surunga,Municipality,44222,49460
,SAPTARI,Tilathi Koiladi,Rural Municipality,31803,33658
,SAPTARI,Tirahut,Rural Municipality,22037,24034
,SARLAHI,Bagmati,Municipality,40399,47106
,SARLAHI,Balara,Municipality,45194,47912
,SARLAHI,Barahathawa,Municipality,69822,81120
,SARLAHI,Basbariya,Rural Municipality,23568,25905
,SARLAHI,Bishnu,Rural Municipality,24748,28570
,SARLAHI,Bramhapuri,Rural Municipality,29832,31378
,SARLAHI,Chakraghatta,Rural Municipality,27952,29550
,SARLAHI,Chandranagar,Rural Municipality,33345,36908
,SARLAHI,Dhankaul,Rural Municipality,24788,27974
,SARLAHI,Godaita,Municipality,47687,54270
,SARLAHI,Haripur,Municipality,37445,43233
,SARLAHI,Haripurwa,Municipality,36042,38714
,SARLAHI,Hariwan,Municipality,43924,49988
,SARLAHI,Ishworpur,Municipality,60000,68377
,SARLAHI,Kabilasi,Municipality,42336,44204
,SARLAHI,Kaudena,Rural Municipality,26085,28702
,SARLAHI,Lalbandi,Municipality,59628,66419
,SARLAHI,Malangawa,Municipality,46557,54550
,SARLAHI,Parsa,Rural Municipality,21650,24005
,SARLAHI,Ramnagar,Rural Municipality,28727,31366
,SINDHULI,Dudhouli,Municipality,65644,70207
,SINDHULI,Ghanglekh,Rural Municipality,13761,12652
,SINDHULI,Golanjor,Rural Municipality,19490,18737
,SINDHULI,Hariharpurgadhi,Rural Municipality,27727,26505
,SINDHULI,Kamalamai,Municipality,66391,71016
,SINDHULI,Marin,Rural Municipality,27822,28808
,SINDHULI,Phikkal,Rural Municipality,16968,15910
,SINDHULI,Sunkoshi,Rural Municipality,21969,18375
,SINDHULI,Tinpatan,Rural Municipality,36420,34889
,SINDHUPALCHOK,Balefi,Rural Municipality,19084,17085
,SINDHUPALCHOK,Barhabise,Municipality,26960,24109
,SINDHUPALCHOK,Bhotekoshi,Rural Municipality,16772,14318
,SINDHUPALCHOK,Chautara Sangachokgadhi,Municipality,47104,42668
,SINDHUPALCHOK,Helambu,Rural Municipality,17964,17497
,SINDHUPALCHOK,Indrawati,Rural Municipality,28544,25365
,SINDHUPALCHOK,Jugal,Rural Municipality,19231,18303
,SINDHUPALCHOK,Lisangkhu Pakhar,Rural Municipality,15144,11750
,SINDHUPALCHOK,Melamchi,Municipality,45473,41063
,SINDHUPALCHOK,Panchpokhari Thangpal,Rural Municipality,20986,20997
,SINDHUPALCHOK,Sunkoshi,Rural Municipality,17311,15176
,SINDHUPALCHOK,Tripurasundari,Rural Municipality,13225,12014
,SIRAHA,Arnama,Rural Municipality,22912,27899
,SIRAHA,Aurahi,Rural Municipality,23084,26478
,SIRAHA,Bariyarpatti,Rural Municipality,25313,29712
,SIRAHA,Bhagawanpur,Rural Municipality,20999,23380
,SIRAHA,Bishnupur,Rural Municipality,18543,22781
,SIRAHA,Dhangadhimai,Municipality,47449,53355
,SIRAHA,Golbazar,Municipality,52137,63885
,SIRAHA,Kalyanpur,Municipality,49344,58872
,SIRAHA,Karjanha,Municipality,31357,38557
,SIRAHA,Lahan,Municipality,92040,102031
,SIRAHA,Laxmipur Patari,Rural Municipality,28073,31118
,SIRAHA,Mirchaiya,Municipality,49131,59425
,SIRAHA,Naraha,Rural Municipality,19369,22760
,SIRAHA,Nawarajpur,Rural Municipality,19056,20788
,SIRAHA,Sakhuwanankarkatti,Rural Municipality,18574,20844
,SIRAHA,Siraha,Municipality,82920,95410
,SIRAHA,Sukhipur,Municipality,37027,42033
,SOLUKHUMBU,Dudhkoshi,Rural Municipality,13420,12648
,SOLUKHUMBU,Khumbupasanglahmu,Rural Municipality,9133,8720
,SOLUKHUMBU,Likhupike,Rural Municipality,5534,5334
,SOLUKHUMBU,Mahakulung,Rural Municipality,11452,11847
,SOLUKHUMBU,Nechasalyan,Rural Municipality,16149,11381
,SOLUKHUMBU,Solududhakunda,Municipality,20977,25678
,SOLUKHUMBU,Sotang,Rural Municipality,9530,9025
,SOLUKHUMBU,Thulung Dudhkoshi,Rural Municipality,19691,18354
,SUNSARI,Barah,Municipality,77604,91087
,SUNSARI,Barju,Rural Municipality,31180,36249
,SUNSARI,Bhokraha Narsingh,Rural Municipality,40636,49280
,SUNSARI,Dewanganj,Rural Municipality,35283,39030
,SUNSARI,Dharan,Sub-Metropolis,141439,166531
,SUNSARI,Duhabi,Municipality,56573,66074
,SUNSARI,Gadhi,Rural Municipality,34852,38739
,SUNSARI,Harinagar,Rural Municipality,41070,49845
,SUNSARI,Inaruwa,Municipality,64749,74914
,SUNSARI,Itahari,Sub-Metropolis,143786,197241
,SUNSARI,Koshi,Rural Municipality,43987,48804
,SUNSARI,Koshi Tappu Wildlife Reserve,Wildlife Reserve,0,0
,SUNSARI,Ramdhuni,Municipality,52328,63452
,SURKHET,Barahtal,Rural Municipality,26820,25943
,SURKHET,Bheriganga,Municipality,41865,48203
,SURKHET,Birendranagar,Municipality,105107,153863
,SURKHET,Chaukune,Rural Municipality,25240,26950
,SURKHET,Chingad,Rural Municipality,17275,15600
,SURKHET,Gurbhakot,Municipality,44359,48216
,SURKHET,Lekbeshi,Municipality,31583,31710
,SURKHET,Panchpuri,Municipality,32236,35839
,SURKHET,Simta,Rural Municipality,26319,24083
,SYANGJA,Aandhikhola,Rural Municipality,16595,13094
,SYANGJA,Arjunchaupari,Rural Municipality,16179,14045
,SYANGJA,Bhirkot,Municipality,25584,22645
,SYANGJA,Biruwa,Rural Municipality,18413,14001
,SYANGJA,Chapakot,Municipality,26101,22969
,SYANGJA,Galyang,Municipality,37821,31034
,SYANGJA,Harinas,Rural Municipality,17343,13191
,SYANGJA,Kaligandagi,Rural Municipality,21824,17955
,SYANGJA,Phedikhola,Rural Municipality,12341,10899
,SYANGJA,Putalibazar,Municipality,45510,41743
,SYANGJA,Waling,Municipality,51437,50488
,TANAHU,Anbukhaireni,Rural Municipality,20840,22252
,TANAHU,Bandipur,Rural Municipality,20077,18532
,TANAHU,Bhanu,Municipality,46179,42794
,TANAHU,Bhimad,Municipality,31362,29248
,TANAHU,Byas,Municipality,71051,78939
,TANAHU,Devghat,Rural Municipality,16478,14584
,TANAHU,Ghiring,Rural Municipality,19318,14334
,TANAHU,Myagde,Rural Municipality,22502,23578
,TANAHU,Rhishing,Rural Municipality,25870,17918
,TANAHU,Shuklagandaki,Municipality,49611,55620
,TAPLEJUNG,Aathrai Tribeni,Rural Municipality,13784,12296
,TAPLEJUNG,Maiwakhola,Rural Municipality,11094,10213
,TAPLEJUNG,Meringden,Rural Municipality,13284,11838
,TAPLEJUNG,Mikwakhola,Rural Municipality,9160,7964
,TAPLEJUNG,Pathibhara Yangwarak,Rural Municipality,13591,11806
,TAPLEJUNG,Phaktanglung,Rural Municipality,12017,11791
,TAPLEJUNG,Phungling,Municipality,26626,28449
,TAPLEJUNG,Sidingba,Rural Municipality,12099,10979
,TAPLEJUNG,Sirijangha,Rural Municipality,15806,14114
,TERHATHUM,Aathrai,Rural Municipality,21747,18156
,TERHATHUM,Chhathar,Rural Municipality,16715,14197
,TERHATHUM,Laligurans,Municipality,17000,15329
,TERHATHUM,Menchayam,Rural Municipality,8078,6678
,TERHATHUM,Myanglung,Municipality,20337,18750
,TERHATHUM,Phedap,Rural Municipality,17700,15169
,UDAYAPUR,Belaka,Municipality,42450,51043
,UDAYAPUR,Chaudandigadhi,Municipality,48750,53631
,UDAYAPUR,Katari,Municipality,56545,59507
,UDAYAPUR,Koshi Tappu Wildlife Reserve,Wildlife Reserve,0,0
,UDAYAPUR,Rautamai,Rural Municipality,23481,20324
,UDAYAPUR,Sunkoshi,Rural Municipality,11992,9689
,UDAYAPUR,Tapli,Rural Municipality,14567,13344
,UDAYAPUR,Triyuga,Municipality,88967,102725
,UDAYAPUR,Udayapurgadhi,Rural Municipality,30780,28926
